RunID,BatchID,Model,Temp,Batch_Size,Run_Time,Max_Tok,Prompt_Stem,Dialog,N_shots,C_1,C_2,C_3,C_4,C_5,C_6,Holistic Acc,Avg hit Conf,Std Dev Conf,Precision,Recall,F1,Notes
1dc4352d-d20d-41b1-a1d2-a34576474e51,acc4c2f8-b0e0-46ea-81fe-7e8c6a091663,gpt-3.5-turbo,0.3,10,69,Undefined,API_PT_Revised.txt,diode,0,0.8,0.8,NA,NA,NA,NA,0.8,0.7562500000000000,0.14128318194321600,1.0,0.5,0.666,NA
4392f9ae-0971-4d46-ac57-cbb5d94a5e90,acc4c2f8-b0e0-46ea-81fe-7e8c6a091663,gpt-3.5-turbo,0.3,10,60,Undefined,API_PT_Revised.txt,diode,5,0.9,0.9,NA,NA,NA,NA,0.9,0.7111111111111110,0.15595187608464700,0.875,0.875,0.875,NA
5cc9aa10-2835-4bd5-8d31-59a9fff157f4,acc4c2f8-b0e0-46ea-81fe-7e8c6a091663,gpt-3.5-turbo,0.3,10,59,Undefined,API_PT_Revised.txt,diode,10,0.9,1.0,NA,NA,NA,NA,0.95,0.7263157894736840,0.15163010832513600,0.888,1.0,0.941,NA
6ec0304f-e178-4d6c-a838-3350dcc89307,acc4c2f8-b0e0-46ea-81fe-7e8c6a091663,gpt-3.5-turbo,0.3,10,61,Undefined,API_PT_Revised.txt,diode,15,0.9,0.9,NA,NA,NA,NA,0.9,0.7222222222222220,0.1617802197617890,0.875,0.875,0.875,NA
e3d65802-6bcf-4329-8e6f-09fd828f75e1,acc4c2f8-b0e0-46ea-81fe-7e8c6a091663,gpt-3.5-turbo,0.3,10,58,Undefined,API_PT_Revised.txt,diode,20,0.9,1.0,NA,NA,NA,NA,0.95,0.7368421052631580,0.14585691011106300,0.888,1.0,0.941,NA
48d87b06-a2b6-4f2d-9f98-274fe2bc105b,acc4c2f8-b0e0-46ea-81fe-7e8c6a091663,gpt-3.5-turbo,0.3,10,60,Undefined,API_PT_Revised.txt,diode,25,0.9,0.9,NA,NA,NA,NA,0.9,0.7277777777777780,0.14834477692020800,0.875,0.875,0.875,NA
1a1f6aea-0927-4924-aeda-96e250720e31,64e5502c-5e00-4e40-be6e-18742368edcf,gpt-3.5-turbo,0.3,10,60,Undefined,API_PT_Revised.txt,diode,0,0.8,0.9,NA,NA,NA,NA,0.8500000000000000,0.7117647058823530,0.19061002054140800,1.0,0.625,0.769,NA
161c30de-a159-461f-ac1c-f56d84fcd3f0,64e5502c-5e00-4e40-be6e-18742368edcf,gpt-3.5-turbo,0.3,10,57,Undefined,API_PT_Revised.txt,diode,5,0.9,1.0,NA,NA,NA,NA,0.95,0.7736842105263160,0.12499307460039900,1.0,0.875,0.933,NA
055e5b64-997a-4b37-8cee-cb874a60cabf,64e5502c-5e00-4e40-be6e-18742368edcf,gpt-3.5-turbo,0.3,10,88,Undefined,API_PT_Revised.txt,diode,10,0.9,1.0,NA,NA,NA,NA,0.95,0.7526315789473680,0.1787925026469790,1.0,0.875,0.933,NA
65fdcca5-7b3d-419a-8f9e-e82fbb4e34dc,64e5502c-5e00-4e40-be6e-18742368edcf,gpt-3.5-turbo,0.3,10,54,Undefined,API_PT_Revised.txt,diode,15,0.9,1.0,NA,NA,NA,NA,0.95,0.7894736842105260,0.13335641536126200,1.0,0.875,0.933,NA
70d926e9-1435-4667-9e17-d1106b034f87,64e5502c-5e00-4e40-be6e-18742368edcf,gpt-3.5-turbo,0.3,10,55,Undefined,API_PT_Revised.txt,diode,20,0.9,0.9,NA,NA,NA,NA,0.9,0.75,0.1922093765778470,1.0,0.75,0.857,NA
d9574e11-a79b-4957-9f01-4221a35e2c6f,64e5502c-5e00-4e40-be6e-18742368edcf,gpt-3.5-turbo,0.3,10,60,Undefined,API_PT_Revised.txt,diode,25,0.9,1.0,NA,NA,NA,NA,0.95,0.7736842105263160,0.1408325069501020,1.0,0.875,0.933,NA
766e2d78-8c12-4216-8483-85d6c2fabd20,92d0195e-f682-4a25-8bb7-6b8871063edd,gpt-3.5-turbo,0.3,10,64,Undefined,API_PT_Revised.txt,diode,0,0.7,0.9,NA,NA,NA,NA,0.8,0.68125,0.22698774746668600,1.0,0.5,0.666,NA
f8963e93-d49e-4c2f-a16e-2858ecc4734c,92d0195e-f682-4a25-8bb7-6b8871063edd,gpt-3.5-turbo,0.3,10,64,Undefined,API_PT_Revised.txt,diode,5,0.9,0.9,NA,NA,NA,NA,0.9,0.7166666666666670,0.14624940645653500,0.875,0.875,0.875,NA
f1a557b8-5dae-40b1-a003-3a956cf434f2,92d0195e-f682-4a25-8bb7-6b8871063edd,gpt-3.5-turbo,0.3,10,60,Undefined,API_PT_Revised.txt,diode,10,0.8,0.9,NA,NA,NA,NA,0.8500000000000000,0.6764705882352940,0.19562693115665800,0.857,0.75,0.799,NA
10e55dc3-8a48-4a2b-b135-6bddd750155b,92d0195e-f682-4a25-8bb7-6b8871063edd,gpt-3.5-turbo,0.3,10,95,Undefined,API_PT_Revised.txt,diode,15,1.0,0.9,NA,NA,NA,NA,0.95,0.7157894736842100,0.18991177423861800,0.888,1.0,0.941,NA
662702d9-be94-43e9-a5a8-43cd6c86f82a,92d0195e-f682-4a25-8bb7-6b8871063edd,gpt-3.5-turbo,0.3,10,62,Undefined,API_PT_Revised.txt,diode,20,0.8,0.8,NA,NA,NA,NA,0.8,0.68125,0.20068242947502900,0.75,0.75,0.75,NA
ff8485bd-a59a-426e-9925-36253f627b60,92d0195e-f682-4a25-8bb7-6b8871063edd,gpt-3.5-turbo,0.3,10,60,Undefined,API_PT_Revised.txt,diode,25,0.9,0.9,NA,NA,NA,NA,0.9,0.6944444444444440,0.19852853761339600,1.0,0.75,0.857,NA
75635896-d7bd-411c-a95e-0fda05e84f22,c41bfe86-a1f2-4eb9-8f47-5a13fcdf0cee,gpt-3.5-turbo,0.3,10,67,Undefined,API_PT_Revised.txt,diode,0,0.6,0.8,NA,NA,NA,NA,0.7,0.6357142857142860,0.1673624930551430,1.0,0.4,0.571,NA
77b83796-0b8c-4f8c-82f3-cf7c488afddb,c41bfe86-a1f2-4eb9-8f47-5a13fcdf0cee,gpt-3.5-turbo,0.3,10,63,Undefined,API_PT_Revised.txt,diode,5,0.6,0.9,NA,NA,NA,NA,0.75,0.7933333333333330,0.12892719737209100,1.0,0.5,0.666,NA
75c1b935-f2b2-45d6-b876-29cb8284325e,c41bfe86-a1f2-4eb9-8f47-5a13fcdf0cee,gpt-3.5-turbo,0.3,10,69,Undefined,API_PT_Revised.txt,diode,10,0.6,1.0,NA,NA,NA,NA,0.8,0.8125,0.11110243021644500,1.0,0.6,0.749,NA
d247303b-44d1-47f9-bf36-7fc219ce92db,c41bfe86-a1f2-4eb9-8f47-5a13fcdf0cee,gpt-3.5-turbo,0.3,10,65,Undefined,API_PT_Revised.txt,diode,15,0.6,1.0,NA,NA,NA,NA,0.8,0.79375,0.12975337182516700,1.0,0.6,0.749,NA
dc27a80c-70bb-4a69-abe7-5fca405d3d1e,c41bfe86-a1f2-4eb9-8f47-5a13fcdf0cee,gpt-3.5-turbo,0.3,10,68,Undefined,API_PT_Revised.txt,diode,20,0.6,1.0,NA,NA,NA,NA,0.8,0.8,0.11726039399558600,1.0,0.6,0.749,NA
f2fdb5df-fc42-4a09-a7c7-125e753180c0,c41bfe86-a1f2-4eb9-8f47-5a13fcdf0cee,gpt-3.5-turbo,0.3,10,65,Undefined,API_PT_Revised.txt,diode,25,0.6,1.0,NA,NA,NA,NA,0.8,0.76875,0.17577951388031500,1.0,0.6,0.749,NA
9ba9bb51-2844-48b9-8744-1aa865a204b3,40d9c3af-4711-4e78-95c3-35ee2ed837bd,gpt-3.5-turbo,0.3,10,60,Undefined,API_PT_Revised.txt,diode,0,0.8,0.9,NA,NA,NA,NA,0.8500000000000000,0.5470588235294120,0.30315526415823800,1.0,0.625,0.769,NA
7577b82b-88ac-4f32-a388-37a11ccc1c96,40d9c3af-4711-4e78-95c3-35ee2ed837bd,gpt-3.5-turbo,0.3,10,59,Undefined,API_PT_Revised.txt,diode,5,0.9,1.0,NA,NA,NA,NA,0.95,0.768421052631579,0.14161709523235500,1.0,0.875,0.933,NA
1dbbc62c-0d81-4d0c-a13b-c741a3136a99,40d9c3af-4711-4e78-95c3-35ee2ed837bd,gpt-3.5-turbo,0.3,10,64,Undefined,API_PT_Revised.txt,diode,10,0.9,0.9,NA,NA,NA,NA,0.9,0.7777777777777780,0.1396645009997390,1.0,0.75,0.857,NA
e43169f7-7fa7-4f18-baca-5e2ce0a13d25,40d9c3af-4711-4e78-95c3-35ee2ed837bd,gpt-3.5-turbo,0.3,10,59,Undefined,API_PT_Revised.txt,diode,15,0.9,0.9,NA,NA,NA,NA,0.9,0.7833333333333330,0.1343709624716430,1.0,0.75,0.857,NA
176f9c65-28e9-4e36-9a4b-948fa8acf392,40d9c3af-4711-4e78-95c3-35ee2ed837bd,gpt-3.5-turbo,0.3,10,60,Undefined,API_PT_Revised.txt,diode,20,0.9,0.9,NA,NA,NA,NA,0.9,0.8055555555555560,0.11290223018278700,1.0,0.75,0.857,NA
a164369e-b3f8-48eb-b0bb-335d9bcf9c1f,40d9c3af-4711-4e78-95c3-35ee2ed837bd,gpt-3.5-turbo,0.3,10,60,Undefined,API_PT_Revised.txt,diode,25,0.9,0.9,NA,NA,NA,NA,0.9,0.7833333333333330,0.16072751268321600,1.0,0.75,0.857,NA
23777f3f-0df0-4e72-a544-7b304c72de89,d7d88b21-2dfb-4b1c-af50-e7075eba61e2,gpt-3.5-turbo,0.3,10,72,Undefined,API_PT_Revised.txt,suicide,0,0.5,1.0,NA,NA,NA,NA,0.75,0.64,0.2154065922853800,0.0,0.0,0.0,NA
3b332cee-d0ac-4402-a88c-6e1621fc5bc0,d7d88b21-2dfb-4b1c-af50-e7075eba61e2,gpt-3.5-turbo,0.3,10,67,Undefined,API_PT_Revised.txt,suicide,5,0.7,0.9,NA,NA,NA,NA,0.8,0.7437500000000000,0.14986973510352200,0.666,0.4,0.5,NA
86dd12f1-8ad9-4c83-aebb-0393ba595ab7,d7d88b21-2dfb-4b1c-af50-e7075eba61e2,gpt-3.5-turbo,0.3,10,72,Undefined,API_PT_Revised.txt,suicide,10,0.8,0.9,NA,NA,NA,NA,0.8500000000000000,0.7470588235294120,0.17190163760238200,0.75,0.6,0.666,NA
bc604d05-ead4-47e6-be23-1f7f2e7b841f,d7d88b21-2dfb-4b1c-af50-e7075eba61e2,gpt-3.5-turbo,0.3,10,66,Undefined,API_PT_Revised.txt,suicide,15,0.8,0.9,NA,NA,NA,NA,0.8500000000000000,0.7352941176470590,0.19079146753208100,0.75,0.6,0.666,NA
e066a028-e9ea-464c-afdd-d4441a0676e0,d7d88b21-2dfb-4b1c-af50-e7075eba61e2,gpt-3.5-turbo,0.3,10,64,Undefined,API_PT_Revised.txt,suicide,20,0.9,0.9,NA,NA,NA,NA,0.9,0.6333333333333330,0.27284509239574800,0.8,0.8,0.800,NA
d63eb01f-223c-4808-a20e-9563b61f5d9b,d7d88b21-2dfb-4b1c-af50-e7075eba61e2,gpt-3.5-turbo,0.3,10,247,Undefined,API_PT_Revised.txt,suicide,25,0.9,1.0,NA,NA,NA,NA,0.95,0.4947368421052630,0.28740890403107500,1.0,0.8,0.888,NA
5a1be028-de14-4a77-871b-7d55ac4101e1,f15dc28f-87dd-4142-9376-3a1cc465daca,gpt-3.5-turbo,0.1,10,59,Undefined,API_PT_Revised.txt,suicide,0,0.7,1.0,NA,NA,NA,NA,0.85,0.7470588235294118,0.15384349212496495,1.0,0.666,0.8,NA
f9e07a57-2ca5-4ab6-9ea6-19a201c02803,f15dc28f-87dd-4142-9376-3a1cc465daca,gpt-3.5-turbo,0.1,10,59,Undefined,API_PT_Revised.txt,suicide,5,0.8,0.9,NA,NA,NA,NA,0.8500000000000001,0.7352941176470589,0.12806788857104262,0.875,0.777,0.823,NA
e48a0316-4205-42ef-9126-9f669a0d7857,f15dc28f-87dd-4142-9376-3a1cc465daca,gpt-3.5-turbo,0.1,10,375,Undefined,API_PT_Revised.txt,suicide,10,0.7,0.8,NA,NA,NA,NA,0.75,0.7266666666666667,0.1569146972791976,0.7,0.777,0.736,NA
b6a3ffcd-972b-496a-99c4-e424e36644e1,f15dc28f-87dd-4142-9376-3a1cc465daca,gpt-3.5-turbo,0.1,10,60,Undefined,API_PT_Revised.txt,suicide,15,0.8,0.8,NA,NA,NA,NA,0.8,0.7562500000000001,0.13678792892649558,0.777,0.777,0.777,NA
ef17b1f8-7b00-4521-9619-41a7d5208955,f15dc28f-87dd-4142-9376-3a1cc465daca,gpt-3.5-turbo,0.1,10,61,Undefined,API_PT_Revised.txt,suicide,20,0.8,0.9,NA,NA,NA,NA,0.8500000000000001,0.723529411764706,0.19259653580876354,0.8,0.888,0.842,NA
31a1f458-50da-48e0-a34d-6cbc32ecdd25,f15dc28f-87dd-4142-9376-3a1cc465daca,gpt-3.5-turbo,0.1,10,62,Undefined,API_PT_Revised.txt,suicide,25,0.7,0.7,NA,NA,NA,NA,0.7,0.7285714285714285,0.178999486944881,0.666,0.666,0.666,NA
88c5eed6-ac02-42f0-9bdc-e66291d79c57,2db9b43b-eb87-47da-91b1-3d38a8eb1ad9,gpt-3.5-turbo,0.1,10,65,Undefined,API_PT_Revised.txt,suicide,0,0.7,0.9,NA,NA,NA,NA,0.8,0.59375,0.24358969087381346,1.0,0.428,0.6,NA
b0110855-8b4b-4ecb-817a-965f6ebdf388,c10bf08c-9d59-48cd-b5b1-7b7272076285,gpt-3.5-turbo,0.1,10,62,Undefined,API_PT_Revised.txt,suicide,0,0.6,0.8,NA,NA,NA,NA,0.7,0.7142857142857143,0.18844151368961312,1.0,0.25,0.4,NA
6cb55dbc-4238-46df-9a82-a39b57085e4f,c10bf08c-9d59-48cd-b5b1-7b7272076285,gpt-3.5-turbo,0.1,10,54,Undefined,API_PT_Revised.txt,suicide,5,0.8,0.8,NA,NA,NA,NA,0.8,0.725,0.12990381056766584,0.75,0.75,0.75,NA
9fe3bd70-5138-477f-8c89-6375ff227d5f,c10bf08c-9d59-48cd-b5b1-7b7272076285,gpt-3.5-turbo,0.1,10,53,Undefined,API_PT_Revised.txt,suicide,10,0.8,0.8,NA,NA,NA,NA,0.8,0.70625,0.11439378261076956,0.75,0.75,0.75,NA
fa42bd89-6bf1-41ff-9a61-59018c28358e,c10bf08c-9d59-48cd-b5b1-7b7272076285,gpt-3.5-turbo,0.1,10,53,Undefined,API_PT_Revised.txt,suicide,15,1.0,0.8,NA,NA,NA,NA,0.9,0.7555555555555556,0.1212079123848413,1.0,0.75,0.857,NA
3cc6fea5-89e8-46eb-96ea-a1c70c5a6367,c10bf08c-9d59-48cd-b5b1-7b7272076285,gpt-3.5-turbo,0.1,10,49,Undefined,API_PT_Revised.txt,suicide,20,0.9,0.7,NA,NA,NA,NA,0.8,0.74375,0.11709371246996998,0.833,0.625,0.714,NA
82af7b73-ce55-4d77-bb20-0eccbce68c5f,c10bf08c-9d59-48cd-b5b1-7b7272076285,gpt-3.5-turbo,0.1,10,48,Undefined,API_PT_Revised.txt,suicide,25,0.9,0.8,NA,NA,NA,NA,0.8500000000000001,0.7470588235294118,0.1333621652794663,0.857,0.75,0.799,NA
f8b29c3f-0d6e-415e-a11e-e8292c778952,ee17f507-987a-488f-9209-ca897d8e40de,gpt-3.5-turbo,0.1,10,68,Undefined,API_PT_Revised.txt,suicide,0,0.5,0.9,NA,NA,NA,NA,0.7,0.65,0.29215944766025087,0.0,0.0,0.0,NA
011c005d-106e-465a-9015-02ae02603ef0,230a76f8-db3d-4b5a-a12f-26fd524998dc,gpt-3.5-turbo,0.1,10,56,Undefined,API_PT_Revised.txt,suicide,0,0.4,0.9,NA,NA,NA,NA,0.65,0.7153846153846154,0.14058205294228512,0.0,0.0,0.0,NA
6be838aa-3ca3-436d-992a-26c5b357c97a,230a76f8-db3d-4b5a-a12f-26fd524998dc,gpt-3.5-turbo,0.1,10,50,Undefined,API_PT_Revised.txt,suicide,5,0.4,0.9,NA,NA,NA,NA,0.65,0.8307692307692309,0.08213137116947164,0.5,0.142,0.222,NA
46a748e4-0277-49d0-bd1d-2e88e99539b8,230a76f8-db3d-4b5a-a12f-26fd524998dc,gpt-3.5-turbo,0.1,10,50,Undefined,API_PT_Revised.txt,suicide,10,0.6,1.0,NA,NA,NA,NA,0.8,0.825,0.09682458365518543,1.0,0.428,0.6,NA
692279e2-ce15-4d69-99a6-1fd0fcdb8e72,230a76f8-db3d-4b5a-a12f-26fd524998dc,gpt-3.5-turbo,0.1,10,52,Undefined,API_PT_Revised.txt,suicide,15,0.4,0.9,NA,NA,NA,NA,0.65,0.8000000000000002,0.16641005886756877,0.5,0.142,0.222,NA
354fc5df-7041-4b1e-8fc4-846f5c669e7d,230a76f8-db3d-4b5a-a12f-26fd524998dc,gpt-3.5-turbo,0.1,10,57,Undefined,API_PT_Revised.txt,suicide,20,0.6,0.9,NA,NA,NA,NA,0.75,0.7533333333333335,0.16275407487644938,1.0,0.285,0.444,NA
9fbc3980-4f0c-4865-8a0e-2aec8bc87b48,230a76f8-db3d-4b5a-a12f-26fd524998dc,gpt-3.5-turbo,0.1,10,49,Undefined,API_PT_Revised.txt,suicide,25,0.6,0.9,NA,NA,NA,NA,0.75,0.7533333333333334,0.18208667044996887,1.0,0.285,0.444,NA
97810491-8b2e-41d1-9934-2e15e79427ae,f2ff8538-28b9-4cc1-99bf-36ec80fbe44a,gpt-3.5-turbo,0.1,10,56,Undefined,API_PT_Revised.txt,suicide,0,0.6,0.8,NA,NA,NA,NA,0.7,0.5285714285714286,0.30805512361211185,1.0,0.25,0.4,NA
2079d2ba-fac5-4d89-973d-24c830575134,f2ff8538-28b9-4cc1-99bf-36ec80fbe44a,gpt-3.5-turbo,0.1,10,390,Undefined,API_PT_Revised.txt,suicide,5,0.8,0.8,NA,NA,NA,NA,0.8,0.7875000000000001,0.14947825928876748,1.0,0.5,0.666,NA
f855166e-6d72-47f7-ab9a-1c2f60af6859,f2ff8538-28b9-4cc1-99bf-36ec80fbe44a,gpt-3.5-turbo,0.1,10,52,Undefined,API_PT_Revised.txt,suicide,10,0.7,0.9,NA,NA,NA,NA,0.8,0.8125,0.09921567416492216,0.833,0.625,0.714,NA
0a0e8717-c9d6-461f-b213-04834e539171,f2ff8538-28b9-4cc1-99bf-36ec80fbe44a,gpt-3.5-turbo,0.1,10,55,Undefined,API_PT_Revised.txt,suicide,15,0.8,0.8,NA,NA,NA,NA,0.8,0.7875,0.11110243021644486,1.0,0.5,0.666,NA
ea5a23ac-8413-43a0-8089-96bc701d61ac,f2ff8538-28b9-4cc1-99bf-36ec80fbe44a,gpt-3.5-turbo,0.1,10,56,Undefined,API_PT_Revised.txt,suicide,20,0.6,0.8,NA,NA,NA,NA,0.7,0.7714285714285714,0.13324827218698307,0.666,0.5,0.571,NA
427fcce4-e2ca-45a8-bcf6-0367822b95be,f2ff8538-28b9-4cc1-99bf-36ec80fbe44a,gpt-3.5-turbo,0.1,10,52,Undefined,API_PT_Revised.txt,suicide,25,0.7,0.8,NA,NA,NA,NA,0.75,0.7466666666666667,0.12578641509408808,0.8,0.5,0.615,NA
b78f8996-8283-42d1-909c-ca68a7d28142,8fd4ffea-707b-4b78-ad6f-a21ca2ab0035,gpt-3.5-turbo,0.1,10,115,Undefined,API_PT_Revised.txt,GM6,0,0.9,0.7,0.8,1.0,0.8,NA,0.8400000000000001,0.3999999999999999,0.2104417123236605,1.0,0.384,0.555,NA
26b45153-fa09-49a2-952d-39acd539ccea,8fd4ffea-707b-4b78-ad6f-a21ca2ab0035,gpt-3.5-turbo,0.1,10,111,Undefined,API_PT_Revised.txt,GM6,5,0.8,0.7,0.8,1.0,0.8,NA,0.82,0.7231707317073172,0.1569905857732107,0.833,0.384,0.526,NA
b8fff972-c638-4ac5-a7df-d8b95d13f0e9,8fd4ffea-707b-4b78-ad6f-a21ca2ab0035,gpt-3.5-turbo,0.1,10,104,Undefined,API_PT_Revised.txt,GM6,10,0.7,0.8,0.8,1.0,0.8,NA,0.82,0.6085365853658538,0.2378517777392175,0.75,0.461,0.571,NA
ab531533-d878-4f20-b606-2ce4a5b47b8e,8fd4ffea-707b-4b78-ad6f-a21ca2ab0035,gpt-3.5-turbo,0.1,10,111,Undefined,API_PT_Revised.txt,GM6,15,0.9,0.8,0.8,1.0,0.8,NA,0.86,0.6093023255813954,0.22496920046393545,1.0,0.461,0.631,NA
9e9d5833-5dd9-40b8-89db-478802fc140f,8fd4ffea-707b-4b78-ad6f-a21ca2ab0035,gpt-3.5-turbo,0.1,10,106,Undefined,API_PT_Revised.txt,GM6,20,0.9,0.8,0.8,1.0,0.8,NA,0.86,0.5,0.2605896712154686,1.0,0.461,0.631,NA
038b8857-1e7d-4f80-a2c5-79c777d41b1f,8fd4ffea-707b-4b78-ad6f-a21ca2ab0035,gpt-3.5-turbo,0.1,10,138,Undefined,API_PT_Revised.txt,GM6,25,0.9,0.8,0.8,1.0,0.8,NA,0.86,0.5872093023255814,0.2413848185183591,1.0,0.461,0.631,NA
71d1aa59-7867-4f5a-b21d-c00c3b53856d,9970a7d3-3779-4dc7-91ec-54ec561c7bbb,gpt-3.5-turbo,0.1,10,113,Undefined,API_PT_Revised.txt,GM6,0,0.8,0.7,0.8,1.0,0.9,NA,0.8400000000000001,0.37619047619047624,0.24766483093230177,1.0,0.333,0.5,NA
fe687346-f651-478f-a295-595200a46908,9970a7d3-3779-4dc7-91ec-54ec561c7bbb,gpt-3.5-turbo,0.1,10,111,Undefined,API_PT_Revised.txt,GM6,5,0.7,0.7,0.8,1.0,0.9,NA,0.8200000000000001,0.7670731707317073,0.1839968703662663,0.714,0.416,0.526,NA
71fda08c-164c-48b3-b768-305f39a0797f,9970a7d3-3779-4dc7-91ec-54ec561c7bbb,gpt-3.5-turbo,0.1,10,117,Undefined,API_PT_Revised.txt,GM6,10,0.7,0.6,0.8,1.0,0.9,NA,0.7999999999999999,0.71875,0.21670472422169298,0.666,0.333,0.444,NA
942efde9-88c2-4629-9436-98fd7740e28f,9970a7d3-3779-4dc7-91ec-54ec561c7bbb,gpt-3.5-turbo,0.1,10,110,Undefined,API_PT_Revised.txt,GM6,15,0.7,0.6,0.8,1.0,0.9,NA,0.7999999999999999,0.32999999999999996,0.31,0.666,0.333,0.444,NA
54a34088-c888-4202-bd61-67c30ab5fb41,9970a7d3-3779-4dc7-91ec-54ec561c7bbb,gpt-3.5-turbo,0.1,10,107,Undefined,API_PT_Revised.txt,GM6,20,0.6,0.6,0.8,1.0,0.8,NA,0.76,0.4526315789473684,0.3514906917276632,0.5,0.166,0.25,NA
153f02e7-0ba0-417e-81f5-483b990d0e9d,9970a7d3-3779-4dc7-91ec-54ec561c7bbb,gpt-3.5-turbo,0.1,10,107,Undefined,API_PT_Revised.txt,GM6,25,0.7,0.6,0.8,1.0,0.8,NA,0.7799999999999999,0.3743589743589744,0.3192281948202239,0.6,0.25,0.352,NA
f0859d7f-1ba9-4929-8efa-1b7e84fdebd6,ead23736-e004-42ca-be74-52fc9bac4540,gpt-3.5-turbo,0.1,10,108,Undefined,API_PT_Revised.txt,GM6,0,0.7,0.6,0.7,0.9,0.8,NA,0.74,0.40270270270270264,0.263537767421598,1.0,0.071,0.133,NA
48a1888f-d219-424d-a1d9-e1837cb62791,ead23736-e004-42ca-be74-52fc9bac4540,gpt-3.5-turbo,0.1,10,119,Undefined,API_PT_Revised.txt,GM6,5,0.6,0.7,0.7,0.9,0.8,NA,0.74,0.6891891891891891,0.19834965548009487,0.6,0.214,0.315,NA
3ec55f38-70aa-4f4a-b03b-4637718fd1c9,ead23736-e004-42ca-be74-52fc9bac4540,gpt-3.5-turbo,0.1,10,152,Undefined,API_PT_Revised.txt,GM6,10,0.6,0.6,0.7,0.9,0.7,NA,0.7,0.7571428571428572,0.18405855323893036,0.4,0.142,0.210,NA
fffcb967-9efe-456a-a1dd-db70fd5ccdff,ead23736-e004-42ca-be74-52fc9bac4540,gpt-3.5-turbo,0.1,10,113,Undefined,API_PT_Revised.txt,GM6,15,0.7,0.7,0.7,0.9,0.8,NA,0.76,0.3447368421052632,0.3192898109547209,0.75,0.214,0.333,NA
51d269ba-8e68-4fb7-84f7-0765e4580292,ead23736-e004-42ca-be74-52fc9bac4540,gpt-3.5-turbo,0.1,10,110,Undefined,API_PT_Revised.txt,GM6,20,0.7,0.6,0.7,0.9,0.8,NA,0.74,0.35945945945945945,0.29450779777632236,0.666,0.142,0.235,NA
e03d384c-6593-4e08-b9d3-adb1dc2c2fe5,ead23736-e004-42ca-be74-52fc9bac4540,gpt-3.5-turbo,0.1,10,116,Undefined,API_PT_Revised.txt,GM6,25,0.8,0.6,0.7,0.9,0.8,NA,0.76,0.3078947368421053,0.2527549041091914,0.75,0.214,0.333,NA
6b20593d-2b42-4727-b114-22c088747a78,cc5c2b5f-8a6b-43ed-a424-ec38015a90f9,gpt-3.5-turbo,0.1,10,109,Undefined,API_PT_Revised.txt,GM6,0,0.9,0.6,0.9,1.0,1.0,NA,0.8800000000000001,0.5136363636363636,0.3327508685125672,1.0,0.333,0.5,NA
a157b2cb-4a08-4883-b8f7-6898e6d30002,cc5c2b5f-8a6b-43ed-a424-ec38015a90f9,gpt-3.5-turbo,0.1,10,111,Undefined,API_PT_Revised.txt,GM6,5,0.9,0.6,0.9,1.0,1.0,NA,0.8800000000000001,0.7079545454545455,0.23499109794990636,0.8,0.444,0.571,NA
a7a5c395-675e-44a9-9392-c1aac5663b05,cc5c2b5f-8a6b-43ed-a424-ec38015a90f9,gpt-3.5-turbo,0.1,10,107,Undefined,API_PT_Revised.txt,GM6,10,0.8,0.6,0.9,1.0,0.9,NA,0.8400000000000001,0.7071428571428571,0.26221842689132385,0.6,0.333,0.428,NA
e4598d33-62af-4a5e-baa2-8e0cc6e935b7,cc5c2b5f-8a6b-43ed-a424-ec38015a90f9,gpt-3.5-turbo,0.1,10,99,Undefined,API_PT_Revised.txt,GM6,15,1.0,0.6,0.9,1.0,1.0,NA,0.9,0.5555555555555556,0.2955639096563686,1.0,0.444,0.615,NA
dede1a56-ca0f-4a88-b795-78ec18673b35,cc5c2b5f-8a6b-43ed-a424-ec38015a90f9,gpt-3.5-turbo,0.1,10,100,Undefined,API_PT_Revised.txt,GM6,20,1.0,0.6,0.9,1.0,0.9,NA,0.8800000000000001,0.4954545454545453,0.31403137180756135,1.0,0.333,0.5,NA
a64c5103-3ff9-428a-8286-afff5a94f5cf,cc5c2b5f-8a6b-43ed-a424-ec38015a90f9,gpt-3.5-turbo,0.1,10,99,Undefined,API_PT_Revised.txt,GM6,25,0.9,0.6,0.9,1.0,1.0,NA,0.8800000000000001,0.5431818181818181,0.31723072136618863,0.8,0.444,0.571,NA
506b48a9-b14d-4f29-89df-717994c20562,cdecb49f-60b4-436e-ba8e-0d084aca522b,gpt-3.5-turbo,0.1,10,124,Undefined,API_PT_Revised.txt,GM6,0,0.8,0.8,0.8,1.0,1.0,NA,0.8800000000000001,0.36136363636363633,0.23857141973432106,1.0,0.454,0.625,NA
1c209304-b4bb-4bca-b19f-a20e078f9ea4,cdecb49f-60b4-436e-ba8e-0d084aca522b,gpt-3.5-turbo,0.1,10,139,Undefined,API_PT_Revised.txt,GM6,10,0.8,0.7,0.8,1.0,1.0,NA,0.86,0.7046511627906977,0.20680682860851823,0.833,0.454,0.588,NA
8a7fab42-060d-4016-b999-715020ad2ac1,cdecb49f-60b4-436e-ba8e-0d084aca522b,gpt-3.5-turbo,0.1,10,142,Undefined,API_PT_Revised.txt,GM6,15,0.8,0.7,0.8,1.0,1.0,NA,0.86,0.7127906976744186,0.21050686981437955,0.833,0.454,0.588,NA
712c1fe2-6a9e-4db6-b791-8aebc354c58b,cdecb49f-60b4-436e-ba8e-0d084aca522b,gpt-3.5-turbo,0.1,10,122,Undefined,API_PT_Revised.txt,GM6,20,0.8,0.9,0.8,1.0,1.0,NA,0.9,0.6333333333333333,0.26915505650915134,0.875,0.636,0.736,NA
69deaad0-1437-4ea2-b38c-d730178c400c,cdecb49f-60b4-436e-ba8e-0d084aca522b,gpt-3.5-turbo,0.1,10,138,Undefined,API_PT_Revised.txt,GM6,25,0.8,0.7,0.8,1.0,1.0,NA,0.86,0.5302325581395348,0.32602959183779784,0.833,0.454,0.588,NA
4e612aff-b90c-4144-9923-075870021563,b148a057-9c6f-4ba0-814c-d06260b53402,gpt-3.5-turbo,0.1,10,307,Undefined,API_PT_Revised.txt,harker,0,0.8,0.7,0.6,NA,NA,NA,0.7000000000000001,0.4333333333333333,0.23162640965743445,1.0,0.307,0.470,NA
cae292b0-2e35-4e68-b380-0d370a97fd29,b148a057-9c6f-4ba0-814c-d06260b53402,gpt-3.5-turbo,0.1,10,85,Undefined,API_PT_Revised.txt,harker,5,1.0,0.7,0.6,NA,NA,NA,0.7666666666666666,0.6826086956521739,0.16850280326153133,1.0,0.461,0.631,NA
1779eff8-7eed-4411-85e4-7a786e41c6bf,b148a057-9c6f-4ba0-814c-d06260b53402,gpt-3.5-turbo,0.1,10,100,Undefined,API_PT_Revised.txt,harker,10,1.0,0.8,0.7,NA,NA,NA,0.8333333333333334,0.636,0.22957351763650788,1.0,0.615,0.761,NA
8d02be2e-4f42-4cad-ae9f-1bb9d45e9925,b148a057-9c6f-4ba0-814c-d06260b53402,gpt-3.5-turbo,0.1,10,126,Undefined,API_PT_Revised.txt,harker,15,1.0,0.8,0.7,NA,NA,NA,0.8333333333333334,0.6360000000000001,0.18084247288731706,1.0,0.615,0.761,NA
8a46a202-8957-4990-b736-8f8c8b21d5e6,b148a057-9c6f-4ba0-814c-d06260b53402,gpt-3.5-turbo,0.1,10,87,Undefined,API_PT_Revised.txt,harker,20,0.9,0.8,0.6,NA,NA,NA,0.7666666666666667,0.5478260869565217,0.2618820929804452,1.0,0.461,0.631,NA
ad92c165-6557-4f39-b936-65217a1c6319,b148a057-9c6f-4ba0-814c-d06260b53402,gpt-3.5-turbo,0.1,10,86,Undefined,API_PT_Revised.txt,harker,25,1.0,1.0,0.6,NA,NA,NA,0.8666666666666667,0.4923076923076924,0.2744548119217119,1.0,0.692,0.818,NA
1963ff25-542c-4f36-91f3-840e3e035096,70f44ea0-4b64-43e8-aacb-98ae1cf92342,gpt-3.5-turbo,0.1,10,89,Undefined,API_PT_Revised.txt,harker,0,1.0,0.8,0.8,NA,NA,NA,0.8666666666666667,0.45769230769230773,0.2436470917647978,1.0,0.555,0.714,NA
90af05fd-fe1b-4b51-97fb-c99f6b5d6f2b,70f44ea0-4b64-43e8-aacb-98ae1cf92342,gpt-3.5-turbo,0.1,10,84,Undefined,API_PT_Revised.txt,harker,5,1.0,0.8,0.8,NA,NA,NA,0.8666666666666667,0.6846153846153846,0.17473564140923922,0.857,0.666,0.75,NA
42252f93-bfce-42b9-ae0f-8f5eef36b577,70f44ea0-4b64-43e8-aacb-98ae1cf92342,gpt-3.5-turbo,0.1,10,85,Undefined,API_PT_Revised.txt,harker,10,1.0,0.7,0.8,NA,NA,NA,0.8333333333333334,0.688,0.14510685717773644,0.75,0.666,0.705,NA
0407fac5-e3f0-43b9-8236-1b3765665eed,70f44ea0-4b64-43e8-aacb-98ae1cf92342,gpt-3.5-turbo,0.1,10,96,Undefined,API_PT_Revised.txt,harker,15,0.9,0.8,0.8,NA,NA,NA,0.8333333333333334,0.632,0.17600000000000002,0.7,0.777,0.736,NA
2bc537b7-b300-440a-97a4-21b5fbaffe31,70f44ea0-4b64-43e8-aacb-98ae1cf92342,gpt-3.5-turbo,0.1,10,402,Undefined,API_PT_Revised.txt,harker,20,0.9,0.8,0.8,NA,NA,NA,0.8333333333333334,0.528,0.2490301186603741,0.7,0.777,0.736,NA
3892755c-7fef-4bb5-b92f-b93d04b8f3f2,70f44ea0-4b64-43e8-aacb-98ae1cf92342,gpt-3.5-turbo,0.1,10,88,Undefined,API_PT_Revised.txt,harker,25,0.8,0.8,0.8,NA,NA,NA,0.8000000000000002,0.4083333333333334,0.28124228384477007,0.666,0.666,0.666,NA
a5804373-203c-4643-b67c-67cc55a74117,536fa4b0-b83a-4125-9d43-7706f317bd64,gpt-3.5-turbo,0.1,10,85,Undefined,API_PT_Revised.txt,harker,0,0.9,0.5,0.7,NA,NA,NA,0.6999999999999998,0.42857142857142855,0.24131160874895097,0.75,0.272,0.399,NA
863184c9-f584-45f2-929f-c5c8af1e7a8e,536fa4b0-b83a-4125-9d43-7706f317bd64,gpt-3.5-turbo,0.1,10,91,Undefined,API_PT_Revised.txt,harker,5,0.9,0.6,0.8,NA,NA,NA,0.7666666666666666,0.7217391304347825,0.12495745967999929,1.0,0.363,0.533,NA
96dc7770-8b06-4308-8457-691a912b565f,536fa4b0-b83a-4125-9d43-7706f317bd64,gpt-3.5-turbo,0.1,10,117,Undefined,API_PT_Revised.txt,harker,10,1.0,0.6,0.8,NA,NA,NA,0.8000000000000002,0.6291666666666667,0.20099578491987227,1.0,0.454,0.625,NA
1f5d3c28-149f-438a-af9b-254324f22699,536fa4b0-b83a-4125-9d43-7706f317bd64,gpt-3.5-turbo,0.1,10,96,Undefined,API_PT_Revised.txt,harker,15,1.0,0.8,0.8,NA,NA,NA,0.8666666666666667,0.6076923076923076,0.16623217526903314,1.0,0.636,0.777,NA
7aedfa85-4e52-4d74-ad85-1d6d247226f0,536fa4b0-b83a-4125-9d43-7706f317bd64,gpt-3.5-turbo,0.1,10,1188,Undefined,API_PT_Revised.txt,harker,20,1.0,0.8,0.8,NA,NA,NA,0.8666666666666667,0.5423076923076923,0.1843347225587963,1.0,0.636,0.777,NA
2df0634d-9949-4642-b990-2a26a70b8205,536fa4b0-b83a-4125-9d43-7706f317bd64,gpt-3.5-turbo,0.1,10,85,Undefined,API_PT_Revised.txt,harker,25,1.0,0.7,0.8,NA,NA,NA,0.8333333333333334,0.5,0.2433105012119288,1.0,0.545,0.705,NA
58df602a-81ba-4b22-8d7c-c4c90cc8ffb7,f58713ed-837d-419a-bd2e-6891cacfae7e,gpt-3.5-turbo,0.1,10,81,Undefined,API_PT_Revised.txt,harker,0,0.9,0.6,0.8,NA,NA,NA,0.7666666666666666,0.3434782608695652,0.2747743532056515,1.0,0.363,0.533,NA
c3f18cc6-136c-4a19-92ff-848770bf6e83,f58713ed-837d-419a-bd2e-6891cacfae7e,gpt-3.5-turbo,0.1,10,5378,Undefined,API_PT_Revised.txt,harker,5,0.9,0.7,0.7,NA,NA,NA,0.7666666666666666,0.6869565217391304,0.19627918852688195,1.0,0.363,0.533,NA
efd97b9b-4800-4853-abba-c656be2c0d0c,f58713ed-837d-419a-bd2e-6891cacfae7e,gpt-3.5-turbo,0.1,10,88,Undefined,API_PT_Revised.txt,harker,10,0.9,0.8,0.8,NA,NA,NA,0.8333333333333334,0.628,0.21264054176003222,0.875,0.636,0.736,NA
4e09e48c-9893-4cbd-9c5b-c662ebc3cf2b,f58713ed-837d-419a-bd2e-6891cacfae7e,gpt-3.5-turbo,0.1,10,86,Undefined,API_PT_Revised.txt,harker,15,0.9,1.0,0.8,NA,NA,NA,0.9,0.6037037037037037,0.2395698019080923,1.0,0.727,0.842,NA
41da1a82-67d8-43e4-a17e-51456da7a000,f58713ed-837d-419a-bd2e-6891cacfae7e,gpt-3.5-turbo,0.1,10,79,Undefined,API_PT_Revised.txt,harker,20,1.0,0.9,0.8,NA,NA,NA,0.9,0.4407407407407406,0.32347563793923034,1.0,0.727,0.842,NA
268480f3-fe82-4183-9a34-e29a2420bb58,f58713ed-837d-419a-bd2e-6891cacfae7e,gpt-3.5-turbo,0.1,10,74,Undefined,API_PT_Revised.txt,harker,25,1.0,0.9,0.9,NA,NA,NA,0.9333333333333332,0.5107142857142857,0.26904498523784576,1.0,0.818,0.9,NA
d90c8602-c038-4545-9569-8f6cd61a87c0,52c101e2-5524-4706-b8ee-98970b695c18,gpt-3.5-turbo,0.1,10,84,Undefined,API_PT_Revised.txt,harker,0,0.9,0.6,0.5,NA,NA,NA,0.6666666666666666,0.36,0.20346989949375807,0.75,0.25,0.375,NA
e853f5cb-dffb-4283-a61c-95643c452bad,52c101e2-5524-4706-b8ee-98970b695c18,gpt-3.5-turbo,0.1,10,70,Undefined,API_PT_Revised.txt,harker,5,0.9,0.6,0.8,NA,NA,NA,0.7666666666666666,0.665217391304348,0.19021428568893356,0.777,0.583,0.666,NA
cc7dff30-0551-43d7-ac71-088cc5c84599,52c101e2-5524-4706-b8ee-98970b695c18,gpt-3.5-turbo,0.1,10,71,Undefined,API_PT_Revised.txt,harker,10,0.9,0.8,0.6,NA,NA,NA,0.7666666666666667,0.6608695652173914,0.22981870063308713,0.857,0.5,0.631,NA
4f411252-7160-4523-8b57-0810d6b8a83e,52c101e2-5524-4706-b8ee-98970b695c18,gpt-3.5-turbo,0.1,10,74,Undefined,API_PT_Revised.txt,harker,15,0.8,0.7,0.5,NA,NA,NA,0.6666666666666666,0.595,0.26547127904916573,0.6,0.5,0.545,NA
ed4ae85a-e29d-4ab3-b8cd-ab282d8659da,52c101e2-5524-4706-b8ee-98970b695c18,gpt-3.5-turbo,0.1,10,77,Undefined,API_PT_Revised.txt,harker,20,0.9,0.7,0.6,NA,NA,NA,0.7333333333333334,0.4863636363636364,0.26163029874833016,0.7,0.583,0.636,NA
54dccd0b-03a8-4b6d-94e5-ec8b37097772,52c101e2-5524-4706-b8ee-98970b695c18,gpt-3.5-turbo,0.1,10,73,Undefined,API_PT_Revised.txt,harker,25,0.9,0.7,0.6,NA,NA,NA,0.7333333333333334,0.4954545454545455,0.2619459915313438,0.7,0.583,0.636,NA
8a0c3fbc-90f5-40ca-b838-fa0e18898c35,8d97cd17-253b-47b5-bf1f-540071c54f8c,OpenTutorLogisticRegression,NA,10.0,23,NA,config.yaml,diode_s2,0,0.6,0.2,NA,NA,NA,NA,0.4,NA,NA,0.2,0.5,0.28571428571428575,NA
062d63b6-1541-4220-9e34-6e1a98e78b0a,acc4c2f8-b0e0-46ea-81fe-7e8c6a091663,OpenTutorLogisticRegression,NA,10.0,23,NA,config.yaml,diode_s2,0,0.6,0.2,NA,NA,NA,NA,0.4,NA,NA,0.2,0.5,0.28571428571428575,NA
b3639a02-d67c-42ee-b039-73d8472fcd7d,c41bfe86-a1f2-4eb9-8f47-5a13fcdf0cee,OpenTutorLogisticRegression,NA,10.0,24,NA,config.yaml,diode_s2,0,0.8,0.2,NA,NA,NA,NA,0.5,NA,NA,0.25,0.5,0.3333333333333333,NA
82b81266-e034-48de-95d4-792a5ba87493,92d0195e-f682-4a25-8bb7-6b8871063edd,OpenTutorLogisticRegression,NA,10.0,23,NA,config.yaml,diode_s2,0,0.6,0.2,NA,NA,NA,NA,0.4,NA,NA,0.2,0.5,0.28571428571428575,NA
61a3df67-5dc7-4ec7-8c43-c7fd8076827f,64e5502c-5e00-4e40-be6e-18742368edcf,OpenTutorLogisticRegression,NA,10.0,23,NA,config.yaml,diode_s2,0,0.7,0.1,NA,NA,NA,NA,0.4,NA,NA,0.2,0.5,0.28571428571428575,NA
daeb80eb-f0ce-493d-82b2-b273a831064e,40d9c3af-4711-4e78-95c3-35ee2ed837bd,OpenTutorLogisticRegression,NA,10.0,23,NA,config.yaml,diode_s2,0,0.6,0.2,NA,NA,NA,NA,0.4,NA,NA,0.2,0.5,0.28571428571428575,NA
ccdcc6d2-cd7d-460d-9a05-209132541e22,40d9c3af-4711-4e78-95c3-35ee2ed837bd,OpenTutorLogisticRegression,NA,10.0,23,NA,config.yaml,diode_s2,5.0,0.7,1.0,NA,NA,NA,NA,0.85,NA,NA,0.8434343434343434,0.8541666666666667,0.8465473145780051,NA
454672a1-fe0a-4e88-bdf8-b2f5940fd01b,40d9c3af-4711-4e78-95c3-35ee2ed837bd,OpenTutorLogisticRegression,NA,10.0,23,NA,config.yaml,diode_s2,10.0,0.7,1.0,NA,NA,NA,NA,0.85,NA,NA,0.8434343434343434,0.8541666666666667,0.8465473145780051,NA
4869842f-0ab8-47c8-8538-54c44bdadbb3,40d9c3af-4711-4e78-95c3-35ee2ed837bd,OpenTutorLogisticRegression,NA,10.0,23,NA,config.yaml,diode_s2,15.0,0.8,1.0,NA,NA,NA,NA,0.9,NA,NA,0.9,0.9166666666666667,0.898989898989899,NA
119255c2-9eb4-4686-8ba6-3079dcf975af,40d9c3af-4711-4e78-95c3-35ee2ed837bd,OpenTutorLogisticRegression,NA,10.0,23,NA,config.yaml,diode_s2,20.0,0.8,1.0,NA,NA,NA,NA,0.9,NA,NA,0.9,0.9166666666666667,0.898989898989899,NA
5a5c960c-9adc-419c-8732-14568925d6d2,40d9c3af-4711-4e78-95c3-35ee2ed837bd,OpenTutorLogisticRegression,NA,10.0,24,NA,config.yaml,diode_s2,25.0,1.0,1.0,NA,NA,NA,NA,1.0,NA,NA,1.0,1.0,1.0,NA
8a1df4c6-8900-4e99-b1c5-7ff261f847de,64e5502c-5e00-4e40-be6e-18742368edcf,OpenTutorLogisticRegression,NA,10.0,23,NA,config.yaml,diode_s2,5.0,0.6,1.0,NA,NA,NA,NA,0.8,NA,NA,0.7916666666666667,0.7916666666666667,0.7916666666666667,NA
0d16be84-4087-4645-a65f-4223e2a3a1e6,64e5502c-5e00-4e40-be6e-18742368edcf,OpenTutorLogisticRegression,NA,10.0,24,NA,config.yaml,diode_s2,10.0,0.8,1.0,NA,NA,NA,NA,0.9,NA,NA,0.9285714285714286,0.875,0.8901098901098901,NA
0c7406fb-c225-4011-9f67-e6cddd0ac190,64e5502c-5e00-4e40-be6e-18742368edcf,OpenTutorLogisticRegression,NA,10.0,23,NA,config.yaml,diode_s2,15.0,0.6,1.0,NA,NA,NA,NA,0.8,NA,NA,0.7916666666666667,0.7916666666666667,0.7916666666666667,NA
12254793-9d11-46a9-ad62-ed2864d184fe,64e5502c-5e00-4e40-be6e-18742368edcf,OpenTutorLogisticRegression,NA,10.0,24,NA,config.yaml,diode_s2,20.0,0.8,0.9,NA,NA,NA,NA,0.85,NA,NA,0.8516483516483516,0.8333333333333333,0.8399999999999999,NA
e3b09319-b4dc-48f5-9f87-b2f458df05a5,64e5502c-5e00-4e40-be6e-18742368edcf,OpenTutorLogisticRegression,NA,10.0,24,NA,config.yaml,diode_s2,25.0,0.8,1.0,NA,NA,NA,NA,0.9,NA,NA,0.9285714285714286,0.875,0.8901098901098901,NA
827b9e60-93f4-4723-863a-eca40d3dc786,92d0195e-f682-4a25-8bb7-6b8871063edd,OpenTutorLogisticRegression,NA,10.0,23,NA,config.yaml,diode_s2,5.0,0.7,1.0,NA,NA,NA,NA,0.85,NA,NA,0.8636363636363636,0.875,0.849624060150376,NA
25f57691-28df-4daf-b2a0-61854ecc82e5,92d0195e-f682-4a25-8bb7-6b8871063edd,OpenTutorLogisticRegression,NA,10.0,23,NA,config.yaml,diode_s2,10.0,0.7,1.0,NA,NA,NA,NA,0.85,NA,NA,0.8636363636363636,0.875,0.849624060150376,NA
f186d66f-0966-45db-aefa-4113e9b1b6f7,92d0195e-f682-4a25-8bb7-6b8871063edd,OpenTutorLogisticRegression,NA,10.0,23,NA,config.yaml,diode_s2,15.0,0.8,1.0,NA,NA,NA,NA,0.9,NA,NA,0.8958333333333333,0.8958333333333333,0.8958333333333333,NA
8ffa7cc1-76dc-451c-bb4f-7b41c519adfa,92d0195e-f682-4a25-8bb7-6b8871063edd,OpenTutorLogisticRegression,NA,10.0,23,NA,config.yaml,diode_s2,20.0,0.8,1.0,NA,NA,NA,NA,0.9,NA,NA,0.8958333333333333,0.8958333333333333,0.8958333333333333,NA
9dd51350-4f5e-459c-afc5-a1a7b4a42b80,92d0195e-f682-4a25-8bb7-6b8871063edd,OpenTutorLogisticRegression,NA,10.0,24,NA,config.yaml,diode_s2,25.0,0.8,1.0,NA,NA,NA,NA,0.9,NA,NA,0.8958333333333333,0.8958333333333333,0.8958333333333333,NA
a00802f0-894b-49e7-8d12-1c02bb3ddc1f,c41bfe86-a1f2-4eb9-8f47-5a13fcdf0cee,OpenTutorLogisticRegression,NA,10.0,23,NA,config.yaml,diode_s2,10.0,0.7,0.9,NA,NA,NA,NA,0.8,NA,NA,0.8571428571428572,0.8,0.7916666666666665,NA
b6ff03b2-9655-457d-9e89-294e77f08628,c41bfe86-a1f2-4eb9-8f47-5a13fcdf0cee,OpenTutorLogisticRegression,NA,10.0,23,NA,config.yaml,diode_s2,15.0,0.7,0.9,NA,NA,NA,NA,0.8,NA,NA,0.8571428571428572,0.8,0.7916666666666665,NA
0823697f-8979-46c1-9013-e0a17f9c8d76,c41bfe86-a1f2-4eb9-8f47-5a13fcdf0cee,OpenTutorLogisticRegression,NA,10.0,25,NA,config.yaml,diode_s2,20.0,0.7,0.9,NA,NA,NA,NA,0.8,NA,NA,0.8571428571428572,0.8,0.7916666666666665,NA
bf343137-85d8-4005-81ad-c7953052ba79,c41bfe86-a1f2-4eb9-8f47-5a13fcdf0cee,OpenTutorLogisticRegression,NA,10.0,24,NA,config.yaml,diode_s2,25.0,0.7,0.9,NA,NA,NA,NA,0.8,NA,NA,0.8571428571428572,0.8,0.7916666666666665,NA
6beec1da-a861-48ed-882b-8ed913cb1d04,acc4c2f8-b0e0-46ea-81fe-7e8c6a091663,OpenTutorLogisticRegression,NA,10.0,23,NA,config.yaml,diode_s2,5.0,0.5,0.9,NA,NA,NA,NA,0.7,NA,NA,0.7291666666666667,0.7291666666666667,0.7000000000000001,NA
5b74ddc1-3528-41e2-a407-150b55b915a2,acc4c2f8-b0e0-46ea-81fe-7e8c6a091663,OpenTutorLogisticRegression,NA,10.0,23,NA,config.yaml,diode_s2,10.0,0.6,1.0,NA,NA,NA,NA,0.8,NA,NA,0.8,0.8125,0.797979797979798,NA
6b070da5-27dd-4b01-b307-4f2375cb6af3,acc4c2f8-b0e0-46ea-81fe-7e8c6a091663,OpenTutorLogisticRegression,NA,10.0,24,NA,config.yaml,diode_s2,15.0,0.8,1.0,NA,NA,NA,NA,0.9,NA,NA,0.8958333333333333,0.8958333333333333,0.8958333333333333,NA
be51b71a-30bd-46d1-9b58-b6bfcfc2c9d7,acc4c2f8-b0e0-46ea-81fe-7e8c6a091663,OpenTutorLogisticRegression,NA,10.0,24,NA,config.yaml,diode_s2,20.0,0.8,1.0,NA,NA,NA,NA,0.9,NA,NA,0.8958333333333333,0.8958333333333333,0.8958333333333333,NA
cf502a2a-747c-4054-9dbd-e6fc036332ad,acc4c2f8-b0e0-46ea-81fe-7e8c6a091663,OpenTutorLogisticRegression,NA,10.0,24,NA,config.yaml,diode_s2,25.0,0.8,1.0,NA,NA,NA,NA,0.9,NA,NA,0.8958333333333333,0.8958333333333333,0.8958333333333333,NA
b8f5d101-055d-49fb-9509-2689eed494d3,d7d88b21-2dfb-4b1c-af50-e7075eba61e2,OpenTutorLogisticRegression,NA,10.0,1,NA,config.yaml,suicide_s2,0,0.5,0.0,NA,NA,NA,NA,0.25,NA,NA,0.125,0.5,0.2,NA
8c52e813-add1-476a-a1ff-469f9fe3820c,d7d88b21-2dfb-4b1c-af50-e7075eba61e2,OpenTutorLogisticRegression,NA,10.0,23,NA,config.yaml,suicide_s2,0,0.5,0.0,NA,NA,NA,NA,0.25,NA,NA,0.125,0.5,0.2,NA
0901b985-6530-4601-8568-f46aa7405da6,d7d88b21-2dfb-4b1c-af50-e7075eba61e2,OpenTutorLogisticRegression,NA,10.0,23,NA,config.yaml,suicide_s2,10.0,0.7,0.7,NA,NA,NA,NA,0.7,NA,NA,0.7272727272727273,0.8,0.6875,NA
c0978be7-89d1-4be7-8e40-7d2dc69367a3,d7d88b21-2dfb-4b1c-af50-e7075eba61e2,OpenTutorLogisticRegression,NA,10.0,24,NA,config.yaml,suicide_s2,15.0,0.5,0.6,NA,NA,NA,NA,0.55,NA,NA,0.55,0.5666666666666667,0.52,NA
7e702165-310c-4d47-b137-0234c30c53e9,d7d88b21-2dfb-4b1c-af50-e7075eba61e2,OpenTutorLogisticRegression,NA,10.0,24,NA,config.yaml,suicide_s2,20.0,0.7,0.7,NA,NA,NA,NA,0.7,NA,NA,0.6767676767676767,0.7333333333333334,0.6703296703296703,NA
d2006ac4-1aa1-443e-9b46-61e75a7da816,d7d88b21-2dfb-4b1c-af50-e7075eba61e2,OpenTutorLogisticRegression,NA,10.0,24,NA,config.yaml,suicide_s2,25.0,0.8,0.7,NA,NA,NA,NA,0.75,NA,NA,0.6785714285714286,0.7,0.6865203761755486,NA
10e44373-f226-4998-8160-56a2b85466ff,f15dc28f-87dd-4142-9376-3a1cc465daca,OpenTutorLogisticRegression,NA,10.0,23,NA,config.yaml,suicide_s2,0,0.6,0.3,NA,NA,NA,NA,0.45,NA,NA,0.225,0.5,0.3103448275862069,NA
277a7646-30df-40a8-9b65-be5d82e00921,f15dc28f-87dd-4142-9376-3a1cc465daca,OpenTutorLogisticRegression,NA,10.0,23,NA,config.yaml,suicide_s2,5.0,0.6,0.8,NA,NA,NA,NA,0.7,NA,NA,0.696969696969697,0.696969696969697,0.696969696969697,NA
5b6d6029-a767-4540-882b-a4a4b5ac85a8,f15dc28f-87dd-4142-9376-3a1cc465daca,OpenTutorLogisticRegression,NA,10.0,23,NA,config.yaml,suicide_s2,10.0,0.8,0.9,NA,NA,NA,NA,0.85,NA,NA,0.8500000000000001,0.8535353535353536,0.849624060150376,NA
72e3341b-112e-41e3-81d8-0d7982823c57,f15dc28f-87dd-4142-9376-3a1cc465daca,OpenTutorLogisticRegression,NA,10.0,24,NA,config.yaml,suicide_s2,15.0,0.5,1.0,NA,NA,NA,NA,0.75,NA,NA,0.7738095238095238,0.7323232323232323,0.7333333333333334,NA
62f4e5e5-0a72-485f-aa18-7b0704f3ed32,f15dc28f-87dd-4142-9376-3a1cc465daca,OpenTutorLogisticRegression,NA,10.0,24,NA,config.yaml,suicide_s2,20.0,0.6,1.0,NA,NA,NA,NA,0.8,NA,NA,0.8131868131868132,0.7878787878787878,0.7916666666666666,NA
955de334-9e15-4dae-aace-6c75c61cea69,f15dc28f-87dd-4142-9376-3a1cc465daca,OpenTutorLogisticRegression,NA,10.0,23,NA,config.yaml,suicide_s2,25.0,0.6,1.0,NA,NA,NA,NA,0.8,NA,NA,0.8131868131868132,0.7878787878787878,0.7916666666666666,NA
8e4aeed3-1183-437a-8628-a01fa087aa12,c10bf08c-9d59-48cd-b5b1-7b7272076285,OpenTutorLogisticRegression,NA,10.0,23,NA,config.yaml,suicide_s2,0,0.5,0.3,NA,NA,NA,NA,0.4,NA,NA,0.2,0.5,0.28571428571428575,NA
b0a4a3d5-cfd1-4e57-b474-72d5806554e2,c10bf08c-9d59-48cd-b5b1-7b7272076285,OpenTutorLogisticRegression,NA,10.0,23,NA,config.yaml,suicide_s2,5.0,0.4,0.6,NA,NA,NA,NA,0.5,NA,NA,0.2777777777777778,0.4166666666666667,0.33333333333333337,NA
698ce32e-0897-46e4-a208-06cf8c9ebc32,c10bf08c-9d59-48cd-b5b1-7b7272076285,OpenTutorLogisticRegression,NA,10.0,24,NA,config.yaml,suicide_s2,10.0,0.4,0.7,NA,NA,NA,NA,0.55,NA,NA,0.4607843137254902,0.4791666666666667,0.4357366771159875,NA
d4d8db08-faf6-481e-b088-27a9f3bbc06b,c10bf08c-9d59-48cd-b5b1-7b7272076285,OpenTutorLogisticRegression,NA,10.0,24,NA,config.yaml,suicide_s2,15.0,0.4,0.7,NA,NA,NA,NA,0.55,NA,NA,0.4607843137254902,0.4791666666666667,0.4357366771159875,NA
302d3be7-5239-48d7-941c-224dba4b85ec,c10bf08c-9d59-48cd-b5b1-7b7272076285,OpenTutorLogisticRegression,NA,10.0,24,NA,config.yaml,suicide_s2,20.0,0.4,0.8,NA,NA,NA,NA,0.6,NA,NA,0.5555555555555556,0.5208333333333333,0.4666666666666667,NA
106c1264-3539-4d51-bdb3-9555c6d27cc0,c10bf08c-9d59-48cd-b5b1-7b7272076285,OpenTutorLogisticRegression,NA,10.0,24,NA,config.yaml,suicide_s2,25.0,0.4,0.8,NA,NA,NA,NA,0.6,NA,NA,0.5555555555555556,0.5208333333333333,0.4666666666666667,NA
e9d4a3c8-fcab-4c2d-ac7e-66f49393df08,230a76f8-db3d-4b5a-a12f-26fd524998dc,OpenTutorLogisticRegression,NA,10.0,23,NA,config.yaml,suicide_s2,0,0.6,0.1,NA,NA,NA,NA,0.35,NA,NA,0.175,0.5,0.25925925925925924,NA
07a9e55b-7924-44d3-93df-039b62eb685b,230a76f8-db3d-4b5a-a12f-26fd524998dc,OpenTutorLogisticRegression,NA,10.0,24,NA,config.yaml,suicide_s2,10.0,0.5,0.6,NA,NA,NA,NA,0.55,NA,NA,0.5208333333333333,0.521978021978022,0.52,NA
316b8075-080b-44f6-b457-d2fc0943803c,230a76f8-db3d-4b5a-a12f-26fd524998dc,OpenTutorLogisticRegression,NA,10.0,23,NA,config.yaml,suicide_s2,15.0,0.5,0.8,NA,NA,NA,NA,0.65,NA,NA,0.6071428571428572,0.5989010989010989,0.6011396011396012,NA
b0b5ae60-d454-486b-9d26-f5c057ee0c6e,230a76f8-db3d-4b5a-a12f-26fd524998dc,OpenTutorLogisticRegression,NA,10.0,23,NA,config.yaml,suicide_s2,20.0,0.5,0.8,NA,NA,NA,NA,0.65,NA,NA,0.6071428571428572,0.5989010989010989,0.6011396011396012,NA
5b266fac-a236-42b0-afb9-68a0b17341b5,230a76f8-db3d-4b5a-a12f-26fd524998dc,OpenTutorLogisticRegression,NA,10.0,24,NA,config.yaml,suicide_s2,25.0,0.4,0.8,NA,NA,NA,NA,0.6,NA,NA,0.5333333333333333,0.5274725274725275,0.5238095238095237,NA
57057287-26fe-4e78-a0d2-74a4b05db8ba,f2ff8538-28b9-4cc1-99bf-36ec80fbe44a,OpenTutorLogisticRegression,NA,10.0,23,NA,config.yaml,suicide_s2,0,0.4,0.4,NA,NA,NA,NA,0.4,NA,NA,0.2,0.5,0.28571428571428575,NA
3f4481ef-57c1-4162-a852-0cf05cb6a4f2,f2ff8538-28b9-4cc1-99bf-36ec80fbe44a,OpenTutorLogisticRegression,NA,10.0,23,NA,config.yaml,suicide_s2,10.0,0.5,0.7,NA,NA,NA,NA,0.6,NA,NA,0.5833333333333333,0.5833333333333333,0.5833333333333333,NA
e296f9e3-404c-406a-aa5f-9cbfb6d7753c,f2ff8538-28b9-4cc1-99bf-36ec80fbe44a,OpenTutorLogisticRegression,NA,10.0,23,NA,config.yaml,suicide_s2,15.0,0.6,0.9,NA,NA,NA,NA,0.75,NA,NA,0.8529411764705883,0.6875,0.6865203761755485,NA
5309064b-671f-4780-b964-19fc6f69b72b,f2ff8538-28b9-4cc1-99bf-36ec80fbe44a,OpenTutorLogisticRegression,NA,10.0,24,NA,config.yaml,suicide_s2,20.0,0.7,0.9,NA,NA,NA,NA,0.8,NA,NA,0.875,0.75,0.7619047619047619,NA
61763807-50f0-45f8-8be9-c9366a4596d7,f2ff8538-28b9-4cc1-99bf-36ec80fbe44a,OpenTutorLogisticRegression,NA,10.0,24,NA,config.yaml,suicide_s2,25.0,0.6,0.9,NA,NA,NA,NA,0.75,NA,NA,0.7666666666666666,0.7083333333333333,0.7150997150997151,NA
403999b5-de7f-4fac-9bfe-61df8c0a234e,8fd4ffea-707b-4b78-ad6f-a21ca2ab0035,OpenTutorLogisticRegression,NA,8.333333333333334,23,NA,config.yaml,gotmy6_s2,0,NA,0.4,0.3,0.2,0.2,0.2,0.26,NA,NA,0.13,0.5,0.20634920634920637,NA
2448e526-6aeb-4e68-bfac-ed5cb961b950,8fd4ffea-707b-4b78-ad6f-a21ca2ab0035,OpenTutorLogisticRegression,NA,10.0,23,NA,config.yaml,gotmy6_s2,0,0.4,0.3,0.2,0.2,0.2,NA,0.26,NA,NA,0.13,0.5,0.20634920634920637,NA
31b7dec8-3494-4568-9cd6-4c6a9d0156ae,8fd4ffea-707b-4b78-ad6f-a21ca2ab0035,OpenTutorLogisticRegression,NA,10.0,24,NA,config.yaml,gotmy6_s2,5.0,0.8,0.7,0.8,0.8,0.9,NA,0.8,NA,NA,0.7479674796747967,0.6902286902286903,0.7086247086247086,NA
e3f30b97-6a0c-4f83-85fc-334861995114,8fd4ffea-707b-4b78-ad6f-a21ca2ab0035,OpenTutorLogisticRegression,NA,10.0,24,NA,config.yaml,gotmy6_s2,10.0,0.8,0.7,0.8,0.8,0.9,NA,0.8,NA,NA,0.7641196013289037,0.6652806652806653,0.6875,NA
3a5a8357-949e-46ac-aaf6-58e56569f048,8fd4ffea-707b-4b78-ad6f-a21ca2ab0035,OpenTutorLogisticRegression,NA,10.0,24,NA,config.yaml,gotmy6_s2,15.0,0.8,0.7,0.8,0.8,0.9,NA,0.8,NA,NA,0.7641196013289037,0.6652806652806653,0.6875,NA
39ea7b0f-00db-4902-bb2f-b623ff26ba4d,8fd4ffea-707b-4b78-ad6f-a21ca2ab0035,OpenTutorLogisticRegression,NA,10.0,24,NA,config.yaml,gotmy6_s2,20.0,0.8,0.7,0.8,0.8,0.9,NA,0.8,NA,NA,0.7641196013289037,0.6652806652806653,0.6875,NA
95074151-12fa-4650-9baa-1e23c480f175,8fd4ffea-707b-4b78-ad6f-a21ca2ab0035,OpenTutorLogisticRegression,NA,10.0,25,NA,config.yaml,gotmy6_s2,25.0,0.8,0.8,0.8,0.8,0.9,NA,0.82,NA,NA,0.7916666666666667,0.7037422037422038,0.72875226039783,NA
d9f2f2c1-cf5d-44d2-b13c-bbe8fbe1ae8a,9970a7d3-3779-4dc7-91ec-54ec561c7bbb,OpenTutorLogisticRegression,NA,10.0,24,NA,config.yaml,gotmy6_s2,0,0.3,0.4,0.2,0.1,0.2,NA,0.24,NA,NA,0.12,0.5,0.1935483870967742,NA
9bf41c4d-3baf-4a92-8058-a253fc691847,9970a7d3-3779-4dc7-91ec-54ec561c7bbb,OpenTutorLogisticRegression,NA,10.0,23,NA,config.yaml,gotmy6_s2,5.0,0.8,0.7,0.9,0.9,0.9,NA,0.84,NA,NA,0.9130434782608696,0.6666666666666666,0.7023809523809523,NA
de1f5825-704c-4f07-9092-98e16b565759,9970a7d3-3779-4dc7-91ec-54ec561c7bbb,OpenTutorLogisticRegression,NA,10.0,24,NA,config.yaml,gotmy6_s2,10.0,0.8,0.7,0.8,0.9,0.9,NA,0.82,NA,NA,0.8111111111111111,0.6535087719298246,0.6810772501771793,NA
1adc8538-74dc-480d-8094-a6b9442516fd,9970a7d3-3779-4dc7-91ec-54ec561c7bbb,OpenTutorLogisticRegression,NA,10.0,24,NA,config.yaml,gotmy6_s2,15.0,0.7,0.7,0.9,0.9,0.9,NA,0.82,NA,NA,0.8111111111111111,0.6535087719298246,0.6810772501771793,NA
026cfe74-a648-4c05-8d59-6f598668dea3,9970a7d3-3779-4dc7-91ec-54ec561c7bbb,OpenTutorLogisticRegression,NA,10.0,24,NA,config.yaml,gotmy6_s2,20.0,0.8,0.6,0.9,0.9,0.9,NA,0.82,NA,NA,0.8111111111111111,0.6535087719298246,0.6810772501771793,NA
25f40909-d30b-4d61-a857-e674d434f54c,9970a7d3-3779-4dc7-91ec-54ec561c7bbb,OpenTutorLogisticRegression,NA,10.0,24,NA,config.yaml,gotmy6_s2,25.0,0.8,0.7,0.9,0.9,0.9,NA,0.84,NA,NA,0.9130434782608696,0.6666666666666666,0.7023809523809523,NA
762c215d-4d37-49ab-ab28-2ec41c823463,cc5c2b5f-8a6b-43ed-a424-ec38015a90f9,OpenTutorLogisticRegression,NA,10.0,24,NA,config.yaml,gotmy6_s2,0,0.2,0.4,0.1,0.1,0.1,NA,0.18,NA,NA,0.09,0.5,0.15254237288135594,NA
283163e4-656f-4c39-ab4c-76422d8a606f,cc5c2b5f-8a6b-43ed-a424-ec38015a90f9,OpenTutorLogisticRegression,NA,10.0,24,NA,config.yaml,gotmy6_s2,10.0,0.6,0.7,0.7,0.9,1.0,NA,0.78,NA,NA,0.5871212121212122,0.5623306233062331,0.5686274509803921,NA
5348db3a-acca-479f-93ff-70d791652ef0,cc5c2b5f-8a6b-43ed-a424-ec38015a90f9,OpenTutorLogisticRegression,NA,10.0,24,NA,config.yaml,gotmy6_s2,15.0,0.6,0.7,0.7,0.9,1.0,NA,0.78,NA,NA,0.5871212121212122,0.5623306233062331,0.5686274509803921,NA
c59ed68b-c505-4ab8-a7d1-a873eae2df55,cc5c2b5f-8a6b-43ed-a424-ec38015a90f9,OpenTutorLogisticRegression,NA,10.0,25,NA,config.yaml,gotmy6_s2,20.0,0.6,0.8,0.7,0.9,1.0,NA,0.8,NA,NA,0.6445182724252492,0.6178861788617886,0.6279761904761905,NA
a08abc70-c8ff-40da-8e1c-275bff353ece,cc5c2b5f-8a6b-43ed-a424-ec38015a90f9,OpenTutorLogisticRegression,NA,10.0,25,NA,config.yaml,gotmy6_s2,25.0,0.7,0.7,0.7,0.9,1.0,NA,0.8,NA,NA,0.6222222222222222,0.5745257452574526,0.584717607973422,NA
cc21ccc5-85ba-45a4-8859-e6386cfbc5e1,cdecb49f-60b4-436e-ba8e-0d084aca522b,OpenTutorLogisticRegression,NA,10.0,23,NA,config.yaml,gotmy6_s2,0,0.6,0.2,0.2,0.1,0.0,NA,0.22,NA,NA,0.11,0.5,0.18032786885245902,NA
63942193-a221-4d98-b56a-fe08861d4aac,cdecb49f-60b4-436e-ba8e-0d084aca522b,OpenTutorLogisticRegression,NA,10.0,23,NA,config.yaml,gotmy6_s2,5.0,0.7,0.8,0.8,0.8,1.0,NA,0.82,NA,NA,0.7410714285714286,0.6888111888111889,0.7076023391812866,NA
9c4436e3-07a2-4dad-a999-14e4a5f2f35b,cdecb49f-60b4-436e-ba8e-0d084aca522b,OpenTutorLogisticRegression,NA,10.0,24,NA,config.yaml,gotmy6_s2,10.0,0.7,0.8,0.8,0.8,1.0,NA,0.82,NA,NA,0.7410714285714286,0.6888111888111889,0.7076023391812866,NA
868948f8-407d-463a-a69e-9b93d6906b47,cdecb49f-60b4-436e-ba8e-0d084aca522b,OpenTutorLogisticRegression,NA,10.0,24,NA,config.yaml,gotmy6_s2,15.0,0.7,0.8,0.8,0.7,1.0,NA,0.8,NA,NA,0.7046070460704608,0.675990675990676,0.6875,NA
4fa0dd2d-9b6b-4939-a9d1-3dca8fe707da,cdecb49f-60b4-436e-ba8e-0d084aca522b,OpenTutorLogisticRegression,NA,10.0,24,NA,config.yaml,gotmy6_s2,20.0,0.6,0.7,0.8,0.6,1.0,NA,0.74,NA,NA,0.6293859649122807,0.6375291375291375,0.6329757199322417,NA
f04c4b29-59a9-494c-8549-cb7da2f7ffa2,cdecb49f-60b4-436e-ba8e-0d084aca522b,OpenTutorLogisticRegression,NA,10.0,26,NA,config.yaml,gotmy6_s2,25.0,0.7,0.8,0.8,0.8,1.0,NA,0.82,NA,NA,0.7375,0.7214452214452214,0.72875226039783,NA
2912048c-3fbb-400e-bf8c-c7ab7fa15fd4,ead23736-e004-42ca-be74-52fc9bac4540,OpenTutorLogisticRegression,NA,10.0,24,NA,config.yaml,gotmy6_s2,0,0.4,0.4,0.3,0.1,0.2,NA,0.28,NA,NA,0.14,0.5,0.21875000000000003,NA
2de00155-fe6f-486a-a1e2-b0786df87531,ead23736-e004-42ca-be74-52fc9bac4540,OpenTutorLogisticRegression,NA,10.0,25,NA,config.yaml,gotmy6_s2,5.0,0.6,0.8,0.7,1.0,1.0,NA,0.82,NA,NA,0.8355481727574751,0.7003968253968254,0.72875226039783,NA
9756a965-5b0c-4e0b-8ed4-c96121782778,ead23736-e004-42ca-be74-52fc9bac4540,OpenTutorLogisticRegression,NA,10.0,25,NA,config.yaml,gotmy6_s2,10.0,0.6,0.8,0.7,1.0,1.0,NA,0.82,NA,NA,0.8355481727574751,0.7003968253968254,0.72875226039783,NA
0cd4146f-bc1f-4c13-adee-6543763ad371,ead23736-e004-42ca-be74-52fc9bac4540,OpenTutorLogisticRegression,NA,10.0,24,NA,config.yaml,gotmy6_s2,15.0,0.6,0.8,0.7,1.0,1.0,NA,0.82,NA,NA,0.8355481727574751,0.7003968253968254,0.72875226039783,NA
88f44a81-4971-4734-94c7-64989a1ac884,ead23736-e004-42ca-be74-52fc9bac4540,OpenTutorLogisticRegression,NA,10.0,25,NA,config.yaml,gotmy6_s2,20.0,0.6,0.8,0.7,1.0,1.0,NA,0.82,NA,NA,0.8035230352303523,0.7222222222222222,0.745906267645398,NA
6c8fb542-5fe6-4428-a0c7-464f82998613,ead23736-e004-42ca-be74-52fc9bac4540,OpenTutorLogisticRegression,NA,10.0,25,NA,config.yaml,gotmy6_s2,25.0,0.6,0.7,0.7,1.0,1.0,NA,0.8,NA,NA,0.7543859649122806,0.7301587301587301,0.7401247401247402,NA
4f213273-5c9b-4ce0-b194-b2f9e871e9dc,52c101e2-5524-4706-b8ee-98970b695c18,OpenTutorLogisticRegression,NA,10.0,24,NA,config.yaml,harker_s2,0,0.4,0.4,0.4,NA,NA,NA,0.4,NA,NA,0.2,0.5,0.28571428571428575,NA
332bc538-200a-427b-bc00-a261639a7193,52c101e2-5524-4706-b8ee-98970b695c18,OpenTutorLogisticRegression,NA,10.0,24,NA,config.yaml,harker_s2,5.0,0.7,0.6,0.7,NA,NA,NA,0.6666666666666666,NA,NA,0.6666666666666666,0.611111111111111,0.6031746031746033,NA
7a9905b4-09dc-4382-9d4b-1306016bc5e0,52c101e2-5524-4706-b8ee-98970b695c18,OpenTutorLogisticRegression,NA,10.0,25,NA,config.yaml,harker_s2,10.0,0.9,0.7,0.9,NA,NA,NA,0.8333333333333334,NA,NA,0.8257918552036199,0.8333333333333334,0.8285714285714285,NA
6ac4e7c7-20c9-4a6f-af57-73a151f58d69,52c101e2-5524-4706-b8ee-98970b695c18,OpenTutorLogisticRegression,NA,10.0,25,NA,config.yaml,harker_s2,15.0,0.9,0.7,0.7,NA,NA,NA,0.7666666666666667,NA,NA,0.7850678733031675,0.7916666666666666,0.7664071190211346,NA
89c8de83-b619-4bfb-8d14-8ce2b5be8823,52c101e2-5524-4706-b8ee-98970b695c18,OpenTutorLogisticRegression,NA,10.0,25,NA,config.yaml,harker_s2,20.0,0.9,0.8,0.7,NA,NA,NA,0.8,NA,NA,0.7946428571428572,0.8055555555555556,0.7963800904977376,NA
c2bcd22b-e8a9-4273-8072-e52b856381cf,52c101e2-5524-4706-b8ee-98970b695c18,OpenTutorLogisticRegression,NA,10.0,26,NA,config.yaml,harker_s2,25.0,1.0,0.7,0.8,NA,NA,NA,0.8333333333333334,NA,NA,0.8333333333333333,0.8472222222222222,0.8316498316498316,NA
57e49acf-d04f-49b6-b9b9-631274ba3719,70f44ea0-4b64-43e8-aacb-98ae1cf92342,OpenTutorLogisticRegression,NA,10.0,24,NA,config.yaml,harker_s2,0,0.4,0.3,0.2,NA,NA,NA,0.3,NA,NA,0.15,0.5,0.23076923076923075,NA
fad3871b-cc74-42fb-a273-bccad4ae47fb,70f44ea0-4b64-43e8-aacb-98ae1cf92342,OpenTutorLogisticRegression,NA,10.0,24,NA,config.yaml,harker_s2,5.0,1.0,0.9,0.7,NA,NA,NA,0.8666666666666667,NA,NA,0.8633540372670807,0.8095238095238095,0.8295454545454545,NA
d8cb36e8-bbdc-4c00-97a9-12fed28e1900,70f44ea0-4b64-43e8-aacb-98ae1cf92342,OpenTutorLogisticRegression,NA,10.0,25,NA,config.yaml,harker_s2,10.0,1.0,0.8,0.8,NA,NA,NA,0.8666666666666667,NA,NA,0.8373205741626795,0.873015873015873,0.85,NA
7550848f-2e0e-4b23-abc2-b953bc5fe8e6,70f44ea0-4b64-43e8-aacb-98ae1cf92342,OpenTutorLogisticRegression,NA,10.0,25,NA,config.yaml,harker_s2,15.0,1.0,0.7,0.8,NA,NA,NA,0.8333333333333334,NA,NA,0.8055555555555556,0.8492063492063492,0.8168498168498168,NA
282051c3-3a5b-4704-b770-9db22200d078,70f44ea0-4b64-43e8-aacb-98ae1cf92342,OpenTutorLogisticRegression,NA,10.0,25,NA,config.yaml,harker_s2,20.0,1.0,0.9,0.8,NA,NA,NA,0.9,NA,NA,0.875,0.8968253968253967,0.8844672657252888,NA
257eda09-3121-4b3a-a66b-b7db000dcec5,70f44ea0-4b64-43e8-aacb-98ae1cf92342,OpenTutorLogisticRegression,NA,10.0,25,NA,config.yaml,harker_s2,25.0,1.0,0.8,0.8,NA,NA,NA,0.8666666666666667,NA,NA,0.8373205741626795,0.873015873015873,0.85,NA
dcb08323-726f-4a64-9075-e22e3331400f,536fa4b0-b83a-4125-9d43-7706f317bd64,OpenTutorLogisticRegression,NA,10.0,23,NA,config.yaml,harker_s2,0,0.4,0.5,0.2,NA,NA,NA,0.36666666666666664,NA,NA,0.18333333333333332,0.5,0.26829268292682923,NA
bbac0c4c-ba4f-47b1-b676-35a746de246c,536fa4b0-b83a-4125-9d43-7706f317bd64,OpenTutorLogisticRegression,NA,10.0,24,NA,config.yaml,harker_s2,10.0,0.9,0.9,0.9,NA,NA,NA,0.9,NA,NA,0.9,0.8827751196172249,0.8901098901098902,NA
6d729f3d-7d10-4caf-bac9-95cb430be72c,536fa4b0-b83a-4125-9d43-7706f317bd64,OpenTutorLogisticRegression,NA,10.0,23,NA,config.yaml,harker_s2,15.0,1.0,1.0,0.9,NA,NA,NA,0.9666666666666667,NA,NA,0.975,0.9545454545454546,0.9633699633699633,NA
d20f75e9-373b-4181-9f57-c44a09d569d1,536fa4b0-b83a-4125-9d43-7706f317bd64,OpenTutorLogisticRegression,NA,10.0,28,NA,config.yaml,harker_s2,20.0,1.0,1.0,0.9,NA,NA,NA,0.9666666666666667,NA,NA,0.975,0.9545454545454546,0.9633699633699633,NA
c1eadc23-534d-4f60-b289-f215080123fd,536fa4b0-b83a-4125-9d43-7706f317bd64,OpenTutorLogisticRegression,NA,10.0,24,NA,config.yaml,harker_s2,25.0,1.0,1.0,0.9,NA,NA,NA,0.9666666666666667,NA,NA,0.975,0.9545454545454546,0.9633699633699633,NA
4eec4df7-17e4-4075-ab6d-767baebb0b1e,b148a057-9c6f-4ba0-814c-d06260b53402,OpenTutorLogisticRegression,NA,10.0,23,NA,config.yaml,harker_s2,0,0.4,0.5,0.4,NA,NA,NA,0.43333333333333335,NA,NA,0.21666666666666667,0.5,0.3023255813953488,NA
9a89b088-89bf-49bb-bf9d-18536344c2fb,b148a057-9c6f-4ba0-814c-d06260b53402,OpenTutorLogisticRegression,NA,10.0,23,NA,config.yaml,harker_s2,5.0,0.9,0.6,0.9,NA,NA,NA,0.8,NA,NA,0.8253968253968254,0.7782805429864253,0.7846889952153111,NA
8d969130-33ce-4e71-8a95-f5cf17e951dd,b148a057-9c6f-4ba0-814c-d06260b53402,OpenTutorLogisticRegression,NA,10.0,24,NA,config.yaml,harker_s2,10.0,0.9,0.9,0.9,NA,NA,NA,0.9,NA,NA,0.9027777777777777,0.8936651583710407,0.897142857142857,NA
370286d0-1620-4951-8fde-b50a273ef1e8,b148a057-9c6f-4ba0-814c-d06260b53402,OpenTutorLogisticRegression,NA,10.0,24,NA,config.yaml,harker_s2,15.0,0.9,0.7,0.9,NA,NA,NA,0.8333333333333334,NA,NA,0.8303571428571428,0.8348416289592759,0.8316498316498316,NA
54a9fbdd-77d4-469f-8c0c-017b015178d1,b148a057-9c6f-4ba0-814c-d06260b53402,OpenTutorLogisticRegression,NA,10.0,24,NA,config.yaml,harker_s2,20.0,0.9,0.7,0.8,NA,NA,NA,0.8,NA,NA,0.8,0.8054298642533937,0.7991071428571428,NA
a59a9622-2d8b-4d6a-96ec-cd668670506f,b148a057-9c6f-4ba0-814c-d06260b53402,OpenTutorLogisticRegression,NA,10.0,24,NA,config.yaml,harker_s2,25.0,0.9,0.8,0.8,NA,NA,NA,0.8333333333333334,NA,NA,0.8303571428571428,0.8348416289592759,0.8316498316498316,NA
6bed0ea6-a2f9-4b34-bf91-99f4ea3b3d6a,f58713ed-837d-419a-bd2e-6891cacfae7e,OpenTutorLogisticRegression,NA,10.0,23,NA,config.yaml,harker_s2,0,0.3,0.5,0.3,NA,NA,NA,0.36666666666666664,NA,NA,0.18333333333333332,0.5,0.26829268292682923,NA
dee1cfd0-df10-419d-9a5e-ef9e272ccae8,f58713ed-837d-419a-bd2e-6891cacfae7e,OpenTutorLogisticRegression,NA,10.0,23,NA,config.yaml,harker_s2,5.0,0.8,0.7,0.7,NA,NA,NA,0.7333333333333333,NA,NA,0.7267080745341614,0.6746411483253588,0.6825396825396826,NA
e5f57a9e-8212-448f-a650-31b72067079f,f58713ed-837d-419a-bd2e-6891cacfae7e,OpenTutorLogisticRegression,NA,10.0,24,NA,config.yaml,harker_s2,10.0,0.8,0.9,0.7,NA,NA,NA,0.8,NA,NA,0.7936507936507937,0.7655502392344498,0.7750000000000001,NA
67108ce0-07b6-49da-9fd6-c407cfcc3f03,f58713ed-837d-419a-bd2e-6891cacfae7e,OpenTutorLogisticRegression,NA,10.0,24,NA,config.yaml,harker_s2,15.0,0.8,0.7,0.7,NA,NA,NA,0.7333333333333333,NA,NA,0.7267080745341614,0.6746411483253588,0.6825396825396826,NA
5fb13256-8fdf-4003-b95e-c2a01c4d02cd,f58713ed-837d-419a-bd2e-6891cacfae7e,OpenTutorLogisticRegression,NA,10.0,24,NA,config.yaml,harker_s2,20.0,0.8,0.8,0.7,NA,NA,NA,0.7666666666666667,NA,NA,0.7613636363636364,0.7200956937799043,0.730423620025674,NA
64de888f-3769-496d-8bc7-589a88017288,f58713ed-837d-419a-bd2e-6891cacfae7e,OpenTutorLogisticRegression,NA,10.0,24,NA,config.yaml,harker_s2,25.0,0.8,0.9,0.7,NA,NA,NA,0.8,NA,NA,0.7936507936507937,0.7655502392344498,0.7750000000000001,NA
